-58,-60,0,15,0,0,0,4
-46,-47,1,17,3,3,1,4
-46,-47,1,14,0,0,0,4
-48,-50,1,11,0,0,0,4
-58,-60,1,18,3,2,0,4
-72,-75,1,11,1,1,0,4
-46,-49,1,2347,462,5,7,2
-46,-49,1,484,461,3,6,2
-46,-49,1,275,457,4,6,2
-58,-61,2,23,2,1,2,4
-58,-60,2,12,0,0,0,4
-66,-70,2,13,2,0,0,4
-68,-70,2,11,2,1,0,4
-74,-76,2,11,5,2,0,4
-76,-78,2,12,19,5,0,4
-78,-80,2,11,0,0,0,4
-44,-49,2,625,535,0,6,2
-58,-61,3,16,2,1,0,4
-66,-69,3,11,2,2,0,4
-66,-70,3,13,0,0,0,4
-68,-73,3,13,1,0,0,4
-70,-74,3,15,6,0,0,4
-72,-75,3,14,63,31,0,4
-72,-76,3,12,3,1,0,4
-74,-78,3,14,4,1,0,4
-74,-76,3,11,4,0,0,4
-74,-79,3,21,39,6,0,4
-74,-78,3,16,17,1,0,4
-76,-80,3,14,0,0,1,4
-44,-49,3,12820,539,2,7,2
-44,-49,3,379,535,2,6,2
-56,-62,4,3237,464,0,7,4
-56,-68,4,3750,539,6,7,4
-58,-61,4,13,0,0,0,4
-60,-66,4,123,114,9,0,4
-60,-66,4,112,111,6,0,4
-64,-68,4,21,48,0,2,4
-64,-68,4,13,13,2,0,4
-64,-68,4,12,2,0,0,4
-66,-70,4,16,2,0,0,4
-66,-70,4,80,4,1,0,4
-66,-72,4,25,5,1,0,4
-68,-72,4,25,7,4,0,4
-70,-78,4,231,221,8,6,4
-72,-76,4,11,2,0,0,4
-72,-78,4,14,2,1,0,4
-72,-77,4,21,28,1,0,4
-72,-76,4,12,22,22,0,4
-72,-77,4,15,23,4,0,4
-74,-78,4,20,59,7,0,4
-74,-78,4,18,1,0,0,4
-76,-78,4,12,12,10,0,4
-46,-51,4,14,7,2,0,3
-44,-49,4,2917,535,7,7,2
-48,-60,4,3875,538,3,7,2
-52,-61,4,6816,539,9,7,2
-52,-63,4,1182,59,5,6,2
-54,-63,4,4937,464,1,7,2
-56,-62,5,223,460,4,6,4
-58,-66,5,449,62,9,0,4
-60,-69,5,2024,464,12,7,4
-60,-68,5,822,537,12,7,4
-62,-68,5,51,1,0,1,4
-62,-65,5,12,1,0,0,4
-62,-69,5,24,109,5,0,4
-64,-69,5,13,3,3,0,4
-68,-77,5,300,434,2,7,4
-68,-78,5,1310,226,10,6,4
-68,-78,5,19261,226,5,6,4
-68,-72,5,13,1,0,0,4
-68,-72,5,15,0,0,0,4
-70,-78,5,181,410,3,7,4
-70,-78,5,2069,226,9,6,4
-70,-78,5,730,225,4,6,4
-70,-78,5,670,225,3,6,4
-70,-78,5,1822,225,11,6,4
-70,-74,5,11,1,1,0,4
-70,-74,5,13,3,1,0,4
-70,-77,5,20,96,0,0,4
-70,-75,5,14,4,2,0,4
-70,-76,5,22,19,1,0,4
-70,-75,5,12,6,0,0,4
-70,-74,5,12,6,3,0,4
-72,-78,5,170,221,4,6,4
-72,-76,5,14,390,29,6,4
-72,-79,5,50,455,13,5,4
-72,-77,5,26,455,7,4,4
-72,-76,5,11,44,0,0,4
-72,-76,5,12,3,0,0,4
-72,-79,5,24,73,7,0,4
-72,-77,5,23,19,0,0,4
-74,-80,5,11,0,0,2,4
-74,-79,5,13,7,5,0,4
-74,-79,5,31,38,0,0,4
-74,-78,5,17,48,12,0,4
-54,-62,5,370,462,6,6,2
-58,-63,6,53,115,108,0,4
-60,-68,6,620,462,10,7,4
-62,-68,6,145,112,7,0,4
-64,-68,6,14,0,0,0,4
-66,-69,6,11,0,0,0,4
-66,-70,6,22,36,31,0,4
-66,-70,6,14,0,0,0,4
-68,-73,6,11,2,1,0,4
-68,-75,6,35,39,10,0,4
-68,-72,6,11,2,0,0,4
-70,-78,6,108,223,5,7,4
-70,-78,6,291,462,2,7,4
-70,-79,6,116,534,6,7,4
-70,-78,6,104,224,12,6,4
-70,-78,6,139,218,1,6,4
-70,-78,6,109,377,6,4,4
-70,-76,6,31,66,6,0,4
-70,-75,6,20,6,4,0,4
-70,-77,6,50,12,0,0,4
-70,-76,6,14,0,0,0,4
-70,-76,6,43,41,0,0,4
-70,-78,6,15,2,1,0,4
-72,-78,6,84,425,7,7,4
-72,-78,6,111,536,6,7,4
-72,-79,6,26,81,25,1,4
-72,-78,6,16,11,4,0,4
-72,-77,6,22,58,5,0,4
-72,-77,6,19,23,8,0,4
-72,-78,6,13,30,4,0,4
-72,-77,6,29,24,14,0,4
-72,-77,6,15,15,1,0,4
-72,-76,6,11,2,0,0,4
-74,-79,6,16,46,6,0,4
-74,-81,6,19,22,3,0,4
-56,-65,7,63,48,9,0,4
-58,-69,7,9634,539,2,7,4
-60,-71,7,1151,59,6,6,4
-60,-64,7,19,2,0,0,4
-62,-78,7,292,473,10,7,4
-62,-68,7,39,5,5,1,4
-62,-68,7,23,1,0,0,4
-62,-66,7,11,2,1,0,4
-62,-69,7,78,19,2,0,4
-64,-73,7,39,5,0,0,4
-64,-70,7,25,8,8,0,4
-66,-74,7,45,453,8,7,4
-66,-69,7,12,1,0,0,4
-66,-72,7,11,3,1,0,4
-66,-71,7,11,2,0,0,4
-68,-77,7,566,539,3,7,4
-68,-78,7,115,462,2,4,4
-68,-77,7,87,117,8,1,4
-68,-74,7,24,5,1,0,4
-68,-76,7,15,132,2,0,4
-68,-75,7,93,29,5,0,4
-68,-72,7,11,7,0,0,4
-70,-79,7,188,476,2,7,4
-70,-78,7,293,532,7,7,4
-70,-79,7,44,526,3,5,4
-70,-74,7,12,118,9,2,4
-70,-77,7,26,102,3,1,4
-70,-76,7,19,133,0,1,4
-70,-74,7,14,7,3,0,4
-70,-75,7,12,5,0,0,4
-70,-79,7,43,94,1,0,4
-70,-76,7,51,75,6,0,4
-70,-76,7,18,5,0,0,4
-70,-75,7,14,7,2,0,4
-70,-77,7,12,3,1,0,4
-70,-75,7,16,3,2,0,4
-70,-75,7,15,99,9,0,4
-70,-75,7,14,9,0,0,4
-72,-78,7,77,223,7,5,4
-72,-79,7,75,164,4,1,4
-72,-77,7,27,6,4,0,4
-72,-78,7,16,0,0,0,4
-72,-78,7,12,0,0,0,4
-72,-78,7,32,10,0,0,4
-72,-77,7,14,10,0,0,4
-72,-78,7,48,51,39,0,4
-74,-80,7,15,287,144,7,4
-74,-78,7,12,12,0,0,4
-74,-79,7,12,2,2,0,4
-56,-61,8,21,15,14,0,4
-60,-67,8,24,10,0,0,4
-62,-68,8,33,52,9,0,4
-64,-70,8,12,140,0,1,4
-66,-78,8,548,477,3,7,4
-66,-77,8,217,317,11,7,4
-66,-77,8,370,454,4,5,4
-66,-71,8,41,3,0,1,4
-66,-71,8,24,7,6,0,4
-66,-78,8,224,8,8,0,4
-66,-72,8,20,5,4,0,4
-68,-77,8,129,532,9,7,4
-68,-77,8,525,539,7,7,4
-68,-78,8,210,537,4,7,4
-68,-76,8,290,538,7,7,4
-68,-75,8,54,447,8,4,4
-68,-76,8,138,58,1,1,4
-68,-76,8,28,11,0,0,4
-68,-74,8,17,10,1,0,4
-68,-76,8,15,15,0,0,4
-68,-77,8,47,14,2,0,4
-68,-74,8,65,83,7,0,4
-68,-73,8,23,15,0,0,4
-68,-78,8,30,15,1,0,4
-70,-76,8,18,12,2,1,4
-70,-74,8,11,3,0,0,4
-70,-76,8,19,53,11,0,4
-70,-76,8,35,37,11,0,4
-70,-76,8,20,0,0,0,4
-70,-77,8,84,104,11,0,4
-70,-76,8,26,0,0,0,4
-70,-77,8,21,3,1,0,4
-72,-79,8,30,512,159,7,4
-72,-77,8,22,176,10,2,4
-72,-78,8,11,2,0,0,4
-72,-79,8,13,3,0,0,4
-72,-79,8,12,1,0,0,4
-72,-79,8,61,9,0,0,4
-72,-78,8,28,3,3,0,4
-48,-49,8,38,10,2,4,3
-56,-60,9,12,1,0,0,4
-58,-67,9,20,5,1,0,4
-60,-69,9,214,2,0,0,4
-62,-69,9,36,3,0,0,4
-64,-69,9,15,8,7,1,4
-64,-73,9,62,81,1,0,4
-64,-68,9,17,4,0,0,4
-64,-71,9,14,1,0,0,4
-64,-70,9,17,2,0,0,4
-66,-74,9,11,12,0,0,4
-66,-74,9,33,46,8,0,4
-66,-74,9,57,15,15,0,4
-66,-75,9,45,9,6,0,4
-66,-74,9,36,76,3,0,4
-68,-77,9,475,538,10,7,4
-68,-78,9,448,535,0,7,4
-68,-77,9,54,2,0,2,4
-68,-74,9,13,5,0,0,4
-68,-74,9,18,19,4,0,4
-68,-78,9,51,73,0,0,4
-68,-74,9,20,2,0,0,4
-68,-76,9,12,20,8,0,4
-68,-74,9,19,2,0,0,4
-68,-76,9,11,5,0,0,4
-68,-74,9,15,74,2,0,4
-68,-73,9,19,11,10,0,4
-68,-76,9,28,1,0,0,4
-68,-76,9,91,167,10,0,4
-68,-77,9,46,76,7,0,4
-68,-75,9,12,3,2,0,4
-68,-74,9,33,2,0,0,4
-70,-78,9,37,17,1,1,4
-70,-77,9,27,56,7,1,4
-70,-76,9,21,63,1,1,4
-70,-75,9,14,3,0,0,4
-70,-75,9,16,5,5,0,4
-70,-74,9,13,3,0,0,4
-70,-75,9,22,5,1,0,4
-70,-76,9,12,6,1,0,4
-70,-76,9,44,18,1,0,4
-70,-76,9,15,13,0,0,4
-70,-77,9,29,216,4,0,4
-70,-77,9,14,44,9,0,4
-70,-76,9,15,47,1,0,4
-70,-77,9,50,34,10,0,4
-72,-76,9,13,6,4,0,4
-72,-77,9,13,3,0,0,4
-72,-78,9,13,6,5,0,4
-72,-77,9,14,1,0,0,4
-74,-79,9,14,0,0,0,4
-60,-74,10,446,35,3,0,4
-62,-70,10,19,2,2,0,4
-62,-74,10,102,300,1,0,4
-62,-67,10,18,0,0,0,4
-62,-77,10,78,2,0,0,4
-64,-73,10,832,539,10,7,4
-64,-70,10,12,0,0,2,4
-64,-72,10,18,5,1,0,4
-64,-70,10,22,4,0,0,4
-64,-75,10,109,113,4,0,4
-64,-69,10,62,6,1,0,4
-64,-73,10,15,8,1,0,4
-64,-70,10,23,33,0,0,4
-64,-68,10,11,2,1,0,4
-64,-73,10,44,10,0,0,4
-66,-72,10,40,8,0,0,4
-66,-78,10,27,23,6,0,4
-66,-71,10,13,3,0,0,4
-66,-75,10,88,51,6,0,4
-66,-75,10,21,4,2,0,4
-66,-72,10,32,3,1,0,4
-68,-78,10,590,474,0,7,4
-68,-75,10,24,533,32,7,4
-68,-79,10,26,359,9,6,4
-68,-75,10,18,12,9,0,4
-68,-73,10,15,4,0,0,4
-68,-74,10,12,2,0,0,4
-68,-74,10,29,5,4,0,4
-68,-76,10,32,25,19,0,4
-68,-77,10,55,114,5,0,4
-68,-75,10,25,6,0,0,4
-68,-77,10,515,65,1,0,4
-68,-74,10,13,10,10,0,4
-70,-77,10,13,42,3,0,4
-70,-75,10,25,54,2,0,4
-70,-77,10,16,45,0,0,4
-70,-75,10,14,64,1,0,4
-70,-75,10,16,6,1,0,4
-70,-78,10,23,248,2,0,4
-72,-79,10,16,7,1,0,4
-72,-77,10,15,17,0,0,4
-72,-78,10,11,16,4,0,4
-72,-76,10,12,7,3,0,4
-72,-75,10,13,3,1,0,4
-46,-49,10,14,5,0,4,3
-58,-62,11,15,1,0,0,4
-66,-74,11,30,489,0,6,4
-66,-74,11,42,38,6,3,4
-66,-76,11,233,203,0,0,4
-66,-71,11,11,7,3,0,4
-66,-75,11,48,14,0,0,4
-66,-73,11,74,39,0,0,4
-66,-73,11,14,12,0,0,4
-66,-77,11,31,9,5,0,4
-68,-76,11,29,8,2,0,4
-68,-78,11,216,83,31,0,4
-68,-73,11,18,4,1,0,4
-68,-76,11,12,5,0,0,4
-68,-75,11,19,7,0,0,4
-68,-76,11,60,28,4,0,4
-70,-77,11,39,53,2,1,4
-70,-77,11,14,0,0,1,4
-70,-77,11,55,6,0,1,4
-70,-78,11,21,122,15,0,4
-70,-76,11,11,124,5,0,4
-34,-38,11,87,478,213,7,2
-56,-65,12,27,16,3,0,4
-56,-63,12,34,4,1,0,4
-60,-70,12,420,284,0,6,4
-60,-67,12,24,2,1,0,4
-62,-74,12,78,471,4,7,4
-62,-68,12,12,0,0,0,4
-62,-69,12,20,4,2,0,4
-62,-72,12,47,17,0,0,4
-62,-71,12,43,67,7,0,4
-62,-70,12,42,9,3,0,4
-62,-71,12,34,71,11,0,4
-62,-70,12,49,88,2,0,4
-64,-77,12,320,375,5,6,4
-64,-71,12,24,7,5,0,4
-64,-70,12,14,1,0,0,4
-64,-72,12,17,2,0,0,4
-64,-76,12,18,8,0,0,4
-64,-71,12,21,3,0,0,4
-64,-73,12,24,8,0,0,4
-64,-75,12,104,141,10,0,4
-66,-72,12,26,2,0,0,4
-66,-77,12,156,200,2,0,4
-66,-73,12,11,8,7,0,4
-66,-74,12,38,7,5,0,4
-66,-75,12,14,4,1,0,4
-66,-71,12,15,7,4,0,4
-68,-75,12,46,53,8,1,4
-68,-75,12,19,1,0,0,4
-68,-75,12,13,14,4,0,4
-68,-77,12,20,7,7,0,4
-68,-74,12,21,6,4,0,4
-68,-76,12,28,103,29,0,4
-68,-75,12,11,20,20,0,4
-68,-76,12,34,73,2,0,4
-68,-74,12,17,5,0,0,4
-68,-73,12,13,37,12,0,4
-68,-75,12,19,3,0,0,4
-68,-76,12,13,3,0,0,4
-68,-75,12,21,152,8,0,4
-68,-75,12,13,18,4,0,4
-70,-78,12,11,8,4,0,4
-70,-76,12,15,42,12,0,4
-72,-78,12,18,54,5,0,4
-36,-44,12,535,537,8,7,2
-38,-44,12,570,478,7,7,2
-58,-66,13,51,12,0,0,4
-58,-66,13,46,0,0,0,4
-62,-74,13,712,478,9,7,4
-62,-74,13,23,7,6,0,4
-62,-69,13,11,3,0,0,4
-62,-72,13,28,4,1,0,4
-62,-73,13,27,27,2,0,4
-62,-70,13,23,4,0,0,4
-62,-68,13,21,2,1,0,4
-64,-70,13,13,2,1,0,4
-64,-73,13,24,16,1,0,4
-64,-72,13,23,6,0,0,4
-66,-76,13,30,70,18,2,4
-66,-72,13,19,0,0,1,4
-66,-75,13,30,56,6,1,4
-66,-74,13,22,0,0,0,4
-66,-73,13,36,28,0,0,4
-66,-75,13,49,66,2,0,4
-66,-75,13,17,6,2,0,4
-66,-76,13,18,8,1,0,4
-66,-76,13,60,99,10,0,4
-66,-73,13,12,74,1,0,4
-66,-77,13,13,21,7,0,4
-66,-74,13,14,4,4,0,4
-68,-75,13,26,9,0,0,4
-68,-75,13,18,23,0,0,4
-68,-76,13,11,6,4,0,4
-68,-74,13,17,4,1,0,4
-68,-74,13,13,2,0,0,4
-68,-74,13,22,42,9,0,4
-68,-75,13,11,11,4,0,4
-68,-75,13,13,1,0,0,4
-68,-73,13,18,5,1,0,4
-70,-77,13,72,0,0,0,4
-70,-76,13,12,0,0,0,4
-34,-72,13,1611,99,1,0,3
-58,-72,14,68,31,1,0,4
-60,-69,14,646,303,0,2,4
-60,-70,14,31,0,0,0,4
-60,-67,14,49,7,1,0,4
-60,-67,14,20,6,0,0,4
-62,-73,14,14,110,10,3,4
-62,-68,14,34,9,0,0,4
-62,-75,14,65,131,2,0,4
-62,-70,14,28,1,1,0,4
-62,-71,14,16,32,4,0,4
-62,-73,14,49,36,1,0,4
-62,-69,14,18,4,1,0,4
-64,-73,14,77,98,2,1,4
-64,-74,14,19,8,6,0,4
-64,-78,14,34,56,12,0,4
-64,-75,14,50,47,4,0,4
-64,-72,14,11,0,0,0,4
-64,-75,14,27,5,2,0,4
-64,-75,14,31,0,0,0,4
-64,-73,14,63,57,0,0,4
-66,-73,14,17,68,3,1,4
-66,-72,14,17,5,5,0,4
-66,-77,14,31,8,0,0,4
-66,-72,14,15,28,2,0,4
-68,-77,14,19,11,4,1,4
-68,-77,14,22,109,1,0,4
-68,-75,14,11,0,0,0,4
-40,-63,14,484,6,2,0,3
-36,-41,14,540,538,1,7,2
-36,-45,14,7452,412,2,3,1
-56,-63,15,150,87,0,3,4
-56,-62,15,14,1,0,0,4
-58,-74,15,564,104,0,0,4
-58,-68,15,26,9,1,0,4
-58,-73,15,475,45,0,0,4
-58,-65,15,56,12,1,0,4
-60,-72,15,185,534,8,7,4
-60,-68,15,16,2,0,0,4
-60,-70,15,115,19,0,0,4
-62,-74,15,48,56,0,2,4
-62,-73,15,65,1,0,0,4
-62,-75,15,321,102,1,0,4
-62,-69,15,21,3,0,0,4
-62,-68,15,20,2,0,0,4
-64,-69,15,12,2,0,0,4
-64,-73,15,41,105,6,0,4
-64,-73,15,72,107,8,0,4
-66,-74,15,14,7,1,0,4
-66,-74,15,16,3,1,0,4
-66,-74,15,15,3,1,0,4
-66,-74,15,13,23,8,0,4
-66,-76,15,25,114,2,0,4
-66,-72,15,12,4,0,0,4
-66,-75,15,30,39,0,0,4
-66,-74,15,17,20,1,0,4
-66,-73,15,18,3,1,0,4
-66,-76,15,27,0,0,0,4
-66,-75,15,30,8,2,0,4
-66,-73,15,13,2,1,0,4
-66,-73,15,11,6,0,0,4
-68,-76,15,12,0,0,1,4
-68,-76,15,12,0,0,0,4
-68,-77,15,13,81,11,0,4
-68,-77,15,29,3,2,0,4
-68,-76,15,14,15,11,0,4
-70,-76,15,11,6,4,0,4
-70,-76,15,11,0,0,0,4
-34,-41,15,20,34,4,0,3
-48,-63,15,16,15,0,0,3
-58,-66,16,25,6,0,2,4
-58,-71,16,26,5,0,0,4
-58,-75,16,116,99,4,0,4
-60,-73,16,30,9,0,0,4
-60,-71,16,50,9,5,0,4
-60,-66,16,16,1,0,0,4
-62,-70,16,15,3,0,0,4
-62,-75,16,212,189,1,0,4
-62,-72,16,118,55,3,0,4
-62,-73,16,83,94,4,0,4
-62,-72,16,17,3,2,0,4
-62,-70,16,30,7,2,0,4
-62,-71,16,55,24,0,0,4
-64,-74,16,23,24,5,1,4
-64,-73,16,20,142,0,0,4
-64,-71,16,19,4,0,0,4
-64,-73,16,31,96,1,0,4
-64,-72,16,13,2,0,0,4
-66,-77,16,12,28,1,0,4
-66,-74,16,18,1,0,0,4
-66,-72,16,43,0,0,0,4
-66,-72,16,14,2,0,0,4
-66,-73,16,36,10,0,0,4
-66,-75,16,28,80,0,0,4
-66,-73,16,21,4,2,0,4
-68,-77,16,26,48,10,0,4
-70,-77,16,50,345,0,7,4
-56,-70,17,1268,161,10,0,4
-56,-73,17,34,15,0,0,4
-58,-71,17,19,163,2,2,4
-58,-69,17,16,3,1,0,4
-58,-74,17,953,44,14,0,4
-58,-69,17,40,12,5,0,4
-60,-74,17,63,30,26,0,4
-60,-67,17,11,6,1,0,4
-60,-70,17,22,0,0,0,4
-62,-73,17,47,50,10,0,4
-62,-70,17,38,17,0,0,4
-62,-71,17,24,4,0,0,4
-62,-69,17,18,2,0,0,4
-62,-73,17,40,49,7,0,4
-64,-73,17,45,68,3,0,4
-64,-73,17,59,51,8,0,4
-64,-73,17,46,26,1,0,4
-64,-71,17,31,7,4,0,4
-64,-73,17,97,69,0,0,4
-64,-70,17,37,5,5,0,4
-66,-76,17,25,29,5,0,4
-66,-76,17,42,23,3,0,4
-66,-77,17,13,4,2,0,4
-66,-74,17,13,20,11,0,4
-66,-73,17,11,0,0,0,4
-68,-75,17,33,100,1,0,4
-56,-76,18,43,106,1,0,4
-58,-66,18,21,4,1,0,4
-58,-75,18,32,12,3,0,4
-60,-74,18,97,58,0,2,4
-60,-67,18,13,2,0,0,4
-60,-69,18,25,12,6,0,4
-60,-71,18,31,9,5,0,4
-62,-68,18,27,10,0,0,4
-64,-76,18,19,90,18,0,4
-64,-75,18,111,175,8,0,4
-64,-70,18,14,16,0,0,4
-64,-74,18,63,17,2,0,4
-64,-74,18,41,86,1,0,4
-64,-72,18,17,9,2,0,4
-66,-71,18,14,1,1,0,4
-66,-72,18,11,3,2,0,4
-66,-73,18,11,2,1,0,4
-68,-76,18,19,2,0,0,4
-68,-77,18,23,18,18,0,4
-68,-75,18,14,1,1,0,4
-48,-64,18,2020,84,4,0,1
-56,-63,19,11,2,0,0,4
-58,-66,19,15,5,2,0,4
-58,-71,19,309,150,85,0,4
-58,-65,19,11,7,6,0,4
-58,-70,19,113,111,0,0,4
-58,-73,19,62,89,7,0,4
-60,-68,19,22,29,1,1,4
-62,-72,19,11,9,4,0,4
-62,-71,19,28,11,1,0,4
-64,-70,19,13,2,1,0,4
-64,-74,19,11,18,11,0,4
-66,-73,19,59,30,7,0,4
-66,-73,19,12,2,0,0,4
-70,-77,19,12,67,0,0,4
-42,-53,19,3918,71,4,2,3
-52,-76,19,52,292,1,6,2
-56,-68,20,118,20,9,3,4
-56,-66,20,19,119,5,0,4
-56,-68,20,13,16,6,0,4
-58,-71,20,83,18,1,1,4
-58,-66,20,11,1,0,0,4
-60,-72,20,242,478,10,7,4
-60,-67,20,84,459,213,7,4
-60,-68,20,28,7,5,0,4
-60,-69,20,70,104,13,0,4
-60,-68,20,41,10,3,0,4
-60,-70,20,14,2,0,0,4
-62,-75,20,76,8,6,0,4
-62,-70,20,11,1,0,0,4
-62,-75,20,53,6,1,0,4
-62,-71,20,12,22,0,0,4
-64,-76,20,43,408,0,4,4
-64,-73,20,29,79,28,0,4
-64,-75,20,24,8,0,0,4
-66,-74,20,11,391,39,7,4
-66,-72,20,11,7,1,0,4
-68,-74,20,13,27,0,0,4
-40,-65,20,3312,156,8,1,3
-40,-50,20,11,14,5,0,3
-48,-74,20,96,4,1,0,3
-36,-42,20,504,478,10,7,1
-42,-50,20,24410,540,1,7,1
-58,-69,21,37,0,0,1,4
-58,-66,21,13,2,2,0,4
-60,-69,21,53,478,219,3,4
-60,-71,21,58,35,2,0,4
-60,-71,21,59,10,8,0,4
-60,-73,21,21,90,1,0,4
-64,-73,21,18,19,0,0,4
-64,-74,21,13,14,3,0,4
-50,-67,21,82,17,2,3,3
-56,-66,22,55,21,3,0,4
-58,-71,22,77,175,5,1,4
-58,-69,22,11,1,0,0,4
-58,-76,22,26,54,0,0,4
-60,-72,22,86,7,0,1,4
-60,-70,22,11,0,0,0,4
-62,-72,22,51,1,0,1,4
-62,-70,22,20,3,2,0,4
-62,-72,22,50,66,8,0,4
-62,-72,22,55,45,0,0,4
-62,-74,22,14,0,0,0,4
-64,-74,22,11,41,10,0,4
-64,-74,22,49,11,0,0,4
-64,-75,22,11,3,1,0,4
-64,-75,22,61,5,0,0,4
-64,-73,22,13,18,0,0,4
-40,-50,22,359,79,6,1,3
-44,-50,22,12071,478,0,7,1
-56,-69,23,1543,101,0,2,4
-56,-66,23,32,15,0,0,4
-58,-71,23,49,281,6,4,4
-58,-70,23,28,87,9,0,4
-58,-66,23,20,22,2,0,4
-58,-68,23,12,6,5,0,4
-60,-73,23,46,17,0,0,4
-62,-71,23,13,1,0,0,4
-64,-74,23,56,48,0,0,4
-64,-72,23,24,5,0,0,4
-64,-71,23,12,1,0,0,4
-66,-75,23,13,64,1,0,4
-28,-40,23,177,44,2,0,3
-38,-47,23,12,9,0,0,3
-56,-72,24,58,59,0,1,4
-56,-66,24,81,19,0,0,4
-60,-70,24,16,0,0,1,4
-60,-63,24,15,5,5,1,4
-60,-67,24,18,3,0,0,4
-60,-69,24,13,53,1,0,4
-60,-70,24,20,6,6,0,4
-60,-78,24,18,8,7,0,4
-62,-72,24,11,0,0,0,4
-62,-73,24,31,68,3,0,4
-62,-74,24,47,139,1,0,4
-62,-70,24,11,1,1,0,4
-64,-72,24,13,2,0,0,4
-66,-72,24,11,1,0,0,4
-68,-76,24,12,197,4,0,4
-48,-62,24,37,12,4,0,3
-56,-71,25,129,113,0,0,4
-58,-74,25,36,493,5,6,4
-58,-70,25,819,33,1,0,4
-60,-72,25,22,1,0,0,4
-60,-69,25,12,8,5,0,4
-60,-70,25,24,4,0,0,4
-60,-72,25,23,2,2,0,4
-62,-71,25,11,6,1,0,4
-62,-68,25,20,0,0,0,4
-62,-71,25,11,4,0,0,4
-56,-66,26,38,133,2,0,4
-58,-71,26,12,1,0,0,4
-58,-68,26,54,0,0,0,4
-60,-77,26,16,1,0,1,4
-60,-72,26,12,58,8,0,4
-60,-74,26,43,102,28,0,4
-60,-70,26,38,35,0,0,4
-60,-70,26,14,14,6,0,4
-62,-72,26,107,82,1,1,4
-62,-72,26,22,0,0,0,4
-66,-76,26,14,19,0,0,4
-58,-67,27,27,2,1,2,4
-58,-69,27,28,5,2,0,4
-60,-69,27,320,536,5,7,4
-60,-70,27,16,3,0,0,4
-60,-74,27,19,46,0,0,4
-60,-76,27,22,35,0,0,4
-60,-68,27,33,79,11,0,4
-60,-67,27,11,1,0,0,4
-60,-75,27,24,0,0,0,4
-62,-71,27,20,16,0,0,4
-62,-67,27,14,1,1,0,4
-62,-71,27,17,14,9,0,4
-62,-67,27,12,5,0,0,4
-58,-71,28,12,9,5,0,4
-58,-73,28,35,13,1,0,4
-58,-73,28,13,35,0,0,4
-58,-74,28,59,0,0,0,4
-58,-70,28,26,19,5,0,4
-60,-72,28,38,0,0,0,4
-48,-74,29,37,0,0,1,4
-56,-75,29,69,398,0,3,4
-56,-74,29,122,21,12,0,4
-56,-67,29,11,8,2,0,4
-56,-68,29,99,4,0,0,4
-56,-72,29,71,22,18,0,4
-58,-71,29,12,1,0,0,4
-58,-70,29,27,0,0,0,4
-60,-71,29,12,0,0,0,4
-60,-72,29,22,1,0,0,4
-60,-74,29,20,44,2,0,4
-62,-73,29,28,294,3,0,4
-62,-76,29,16,218,0,0,4
-56,-71,30,14,1,0,0,4
-58,-62,30,13,33,0,1,4
-58,-69,30,17,19,0,0,4
-58,-69,30,122,95,11,0,4
-60,-71,30,12,145,7,1,4
-60,-72,30,32,7,7,0,4
-62,-74,30,17,12,7,0,4
-62,-76,30,25,0,0,0,4
-64,-73,30,11,1,0,0,4
-66,-72,30,12,1,0,0,4
-32,-41,30,17,2,0,0,3
-48,-65,30,71,10,0,0,3
-56,-71,31,43,14,1,0,4
-56,-68,31,76,59,8,0,4
-58,-72,31,41,2,0,0,4
-58,-72,31,62,19,0,0,4
-60,-71,31,41,93,11,0,4
-60,-71,31,65,90,6,0,4
-64,-75,31,18,24,6,0,4
-64,-75,31,18,56,9,0,4
-56,-66,32,11,2,0,0,4
-56,-63,32,18,12,1,0,4
-56,-67,32,71,4,0,0,4
-58,-66,32,19,0,0,0,4
-60,-73,32,27,0,0,0,4
-60,-72,32,12,65,0,0,4
-62,-72,32,30,13,1,0,4
-48,-56,33,23,0,0,1,4
-56,-68,33,11,1,0,0,4
-58,-73,33,14,22,0,0,4
-60,-74,33,11,10,0,0,4
-60,-73,33,17,3,0,0,4
-60,-70,33,26,25,0,0,4
-60,-68,33,20,3,1,0,4
-62,-73,33,36,67,1,0,4
-62,-74,33,16,0,0,0,4
-48,-53,33,165,67,43,0,3
-40,-69,33,4835,322,1,6,1
-40,-58,33,4726,212,0,3,1
-56,-70,34,16,7,1,0,4
-60,-69,34,11,5,2,0,4
-60,-73,34,18,0,0,0,4
-64,-74,34,11,198,3,0,4
-56,-73,35,61,41,0,0,4
-58,-72,35,173,14,1,0,4
-58,-68,35,11,0,0,0,4
-58,-67,35,15,82,0,0,4
-58,-69,35,19,2,2,0,4
-60,-69,35,11,8,8,2,4
-60,-70,35,14,1,0,1,4
-62,-74,35,15,162,22,0,4
-44,-75,35,54,28,1,1,3
-60,-77,36,44,39,5,2,4
-60,-71,36,18,0,0,0,4
-60,-70,36,18,0,0,0,4
-62,-72,36,33,0,0,1,4
-62,-72,36,17,1,0,0,4
-38,-62,36,72,48,7,0,3
-44,-53,36,203,535,0,7,1
-48,-54,37,16,0,0,0,4
-58,-75,37,23,167,5,0,4
-60,-74,37,13,4,3,0,4
-60,-73,37,13,0,0,0,4
-60,-69,37,18,0,0,0,4
-60,-71,37,12,5,0,0,4
-56,-71,38,129,227,135,0,4
-56,-62,38,16,6,0,0,4
-58,-68,38,19,5,1,0,4
-60,-69,38,18,1,1,0,4
-60,-72,38,12,2,0,0,4
-66,-75,38,39,20,0,3,4
-50,-66,39,16,4,4,0,4
-56,-71,39,12,3,1,0,4
-56,-69,39,14,16,0,0,4
-56,-74,39,43,6,0,0,4
-62,-75,39,13,0,0,1,4
-46,-66,39,316,60,2,0,3
-48,-70,39,188,46,0,1,3
-46,-54,40,203,115,88,0,4
-48,-52,40,17,0,0,1,4
-48,-65,40,20,0,0,0,4
-56,-72,40,54,4,2,0,4
-48,-58,40,39,53,1,0,3
-48,-59,41,12,1,1,0,4
-56,-71,41,151,5,4,2,4
-56,-71,41,14,26,0,2,4
-58,-73,41,18,0,0,0,4
-60,-71,41,17,36,36,0,4
-60,-70,41,15,79,26,0,4
-46,-67,41,543,94,0,0,1
-56,-72,42,16,118,1,0,4
-58,-72,42,32,0,0,0,4
-46,-58,42,58,80,7,2,1
-50,-74,42,18,100,3,0,1
-48,-60,43,18,3,2,0,4
-34,-47,43,37,10,1,0,3
-38,-46,44,11,1,0,0,4
-46,-60,44,34,4,3,2,4
-56,-70,44,19,25,0,3,4
-36,-51,44,29,29,15,0,3
-38,-43,44,60,47,9,0,3
-46,-56,45,12,1,0,0,4
-48,-73,45,60,1,0,0,4
-58,-70,45,30,536,27,5,4
-62,-75,45,11,1,0,0,4
-40,-71,45,184,13,0,1,3
-48,-72,45,46,12,0,0,3
-54,-69,45,69,447,2,6,1
-56,-67,46,52,8,0,0,4
-58,-68,46,37,9,2,0,4
-58,-67,46,14,0,0,0,4
-48,-56,46,26,57,0,0,3
-48,-52,46,19,142,0,0,1
-48,-61,47,43,112,111,2,4
-48,-56,47,15,0,0,0,4
-48,-65,47,28,6,6,0,4
-58,-69,47,14,4,0,0,4
-48,-70,47,196,12,1,3,3
-48,-67,47,146,4,1,0,3
-58,-72,48,14,0,0,0,4
-60,-68,48,39,24,0,1,4
-46,-66,48,169,8,2,0,3
-38,-46,48,5861,539,9,7,1
-46,-67,48,38,246,0,0,1
-48,-71,49,33,0,0,0,4
-56,-73,49,18,7,0,0,4
-48,-56,49,18,13,2,0,3
-44,-54,49,14748,478,1,7,1
-48,-56,49,21,280,6,0,1
-48,-59,49,14,167,0,0,1
-56,-73,50,56,25,3,1,4
-40,-59,50,861,19,4,0,3
-48,-68,52,56,0,0,0,4
-40,-52,52,2536,455,8,5,1
-40,-50,54,19,9,2,0,3
-46,-52,55,22,0,0,0,4
-46,-56,56,44,17,9,0,3
-40,-71,57,979,77,0,0,3
-46,-56,57,277,95,6,3,1
-40,-70,58,91,129,4,0,1
-40,-58,59,54,219,219,3,4
-40,-67,59,116,77,77,2,4
-46,-57,59,208,399,7,1,1
-58,-73,60,24,1,0,2,4
-40,-70,60,69,198,76,2,1
-46,-55,61,28,0,0,0,4
-48,-71,61,205,193,186,0,4
-56,-68,62,18,0,0,0,4
-48,-54,62,19,55,0,2,3
-46,-71,62,77,461,3,5,1
-34,-53,63,120,492,4,0,1
-38,-70,65,77,27,3,0,3
-46,-57,65,472,219,0,0,1
-34,-49,66,1557,30,1,0,3
-46,-57,66,93,304,211,6,1
-38,-68,67,414,23,0,0,3
-34,-48,68,19,52,3,0,3
-42,-70,68,26,32,5,0,3
-46,-56,68,395,479,8,7,1
-38,-57,69,50,81,0,0,3
-40,-52,70,20,103,9,0,1
-36,-52,71,144,56,1,1,3
-40,-53,71,19,65,0,0,3
-38,-56,73,86,96,0,0,1
-48,-58,73,24,267,0,1,1
-40,-53,74,11,1,1,0,4
-46,-57,74,45,3,1,0,4
-40,-66,74,28,73,3,0,3
-42,-56,74,28,44,19,1,3
-42,-69,74,19,20,1,1,3
-40,-70,74,156,321,3,2,1
-42,-62,76,75,2,2,1,4
-28,-45,76,611,22,0,0,3
-54,-67,76,29,30,2,0,3
-48,-65,77,29,27,8,1,3
-46,-64,77,192,207,1,1,1
-48,-69,79,34,4,4,1,4
-48,-58,79,17,29,0,0,3
-40,-66,79,131,188,3,2,1
-40,-47,81,3523,464,3,7,1
-30,-52,82,270,10,0,1,3
-46,-71,82,30,51,0,0,3
-48,-54,83,15,1,0,0,4
-46,-69,83,224,12,5,0,3
-44,-60,83,127,169,1,0,1
-46,-59,83,720,328,283,6,1
-40,-58,84,24,18,13,0,3
-40,-66,84,63,58,0,0,3
-44,-74,88,15,4,3,0,4
-40,-66,91,34,6,0,0,3
-40,-52,92,12,0,0,0,4
-36,-62,93,20,21,7,0,3
-40,-67,96,176,68,4,1,3
-38,-68,97,21,105,4,0,1
-46,-69,98,186,56,1,0,3
-40,-62,99,12,4,3,0,4
-40,-63,100,181,127,0,0,4
-40,-69,103,99,1,0,0,4
-50,-65,103,11,2,0,0,4
-40,-67,105,46,10,0,1,3
-48,-61,106,15,3,2,0,4
-40,-64,106,130,152,3,3,1
-40,-68,107,23,48,1,0,3
-48,-61,107,23,2,0,0,3
-40,-62,108,25,20,4,0,3
-40,-57,108,48,316,0,2,1
-36,-48,113,14,23,1,0,3
-38,-65,113,52,76,0,0,3
-42,-62,114,92,50,4,0,3
-46,-64,114,76,127,4,6,1
-38,-69,118,93,61,0,0,3
-46,-61,120,33,1,0,0,4
-46,-59,122,76,171,12,2,1
-36,-61,123,220,72,0,0,3
-38,-55,124,16,18,2,0,3
-40,-72,125,18,74,0,0,3
-28,-46,126,357,42,37,0,3
-40,-60,131,13,6,0,0,3
-46,-63,131,59,47,0,0,3
-48,-67,132,66,197,0,2,1
-32,-56,133,402,78,1,0,3
-24,-38,134,17,12,0,0,3
-40,-49,138,14,1,0,0,4
-40,-56,142,27,71,1,0,3
-46,-57,145,18,6,0,1,3
-34,-52,148,32,42,0,0,3
-36,-60,154,46,10,3,2,3
-38,-65,158,11,5,0,0,3
-36,-66,162,19,6,0,0,3
-48,-72,163,29,7,2,0,3
-48,-67,170,46,16,7,2,3
-28,-61,173,1123,57,0,0,3
-36,-58,173,11,9,0,0,3
-34,-65,174,112,52,52,0,4
-34,-55,174,125,125,0,0,3
-26,-67,177,93,124,27,0,3
-32,-58,177,124,8,0,1,3
-30,-52,180,31,71,0,0,3
-32,-67,189,15,29,2,0,3
-30,-70,192,17,65,44,0,3
-30,-61,197,94,313,0,0,1
-32,-55,200,96,175,3,1,1
-34,-57,206,18,4,2,0,4
-28,-52,259,139,6,1,2,3
